INSERT INTO SIULibrary (Slid, Lname, Location, No_of_branches) VALUES 
(1, 'Pune Central Library', 'Pune', 10);



INSERT INTO Ilibrary (Lid, Lname, City, Area, Slid) VALUES
(1, 'SITLib', 'Pune', 'Lavale', 1);
INSERT INTO Ilibrary (Lid, Lname, City, Area, Slid) VALUES
(2, 'SIBMLib', 'Pune', 'Lavale', 1);
INSERT INTO Ilibrary (Lid, Lname, City, Area, Slid) VALUES
(3, 'SSACLib', 'Nagpur', 'Ramnagar', 1);
INSERT INTO Ilibrary (Lid, Lname, City, Area, Slid) VALUES
(4, 'SSLALib', 'Pune', 'Vimannagar', 1);
INSERT INTO Ilibrary (Lid, Lname, City, Area, Slid) VALUES
(5, 'SIBMBLib', 'Bangalore', 'Jaynagar', 1);
INSERT INTO Ilibrary (Lid, Lname, City, Area, Slid) VALUES
(6, 'SITMHLib', 'Hyderabad', 'Banjara Hills', 1);
INSERT INTO Ilibrary (Lid, Lname, City, Area, Slid) VALUES
(7, 'SIOMLib', 'Pune', 'S.B.Road', 1);
INSERT INTO Ilibrary (Lid, Lname, City, Area, Slid) VALUES
(8, 'SITMNLib', 'Noida', 'Golf course area', 1);
INSERT INTO Ilibrary (Lid, Lname, City, Area, Slid) VALUES
(9, 'SSLAHLib', 'Hyderabad', 'Gacchibowli', 1);
INSERT INTO Ilibrary (Lid, Lname, City, Area, Slid) VALUES
(10, 'SSBSLib', 'Pune', 'Tithnagar', 1);

INSERT INTO Books (Bid, Bname, Price, Lid) VALUES
(1, 'Operating System', 1000, 1);
INSERT INTO Books (Bid, Bname, Price, Lid) VALUES
(2, 'Management System', 2500, 2);
INSERT INTO Books (Bid, Bname, Price, Lid) VALUES
(3, 'Supply chain management', 500, 8);
INSERT INTO Books (Bid, Bname, Price, Lid) VALUES
(4, 'Bioinformatics', 780, 10);
INSERT INTO Books (Bid, Bname, Price, Lid) VALUES
(5, 'Tele informatics', 4567, 10);
INSERT INTO Books (Bid, Bname, Price, Lid) VALUES
(6, 'IP and Patents formation', 345, 4);
INSERT INTO Books (Bid, Bname, Price, Lid) VALUES
(7, 'Engineering Graphics', 2456, 1);
INSERT INTO Books (Bid, Bname, Price, Lid) VALUES
(8, 'Customer Management', 3467, 5);
INSERT INTO Books (Bid, Bname, Price, Lid) VALUES
(9, 'Buying Pattern Analysis', 456, 8);
INSERT INTO Books (Bid, Bname, Price, Lid) VALUES
(10, 'Digital Finance', 600, 8);
INSERT INTO Books (Bid, Bname, Price, Lid) VALUES
(11, 'Telecommunication', 1500, 6);
INSERT INTO Books (Bid, Bname, Price, Lid) VALUES
(12, 'Algorithms', 6754, 1);
INSERT INTO Books (Bid, Bname, Price, Lid) VALUES
(13, 'Child Law', 1800, 4);
INSERT INTO Books (Bid, Bname, Price, Lid) VALUES
(14, 'Multimanagers', 2345, 2);
INSERT INTO Books (Bid, Bname, Price, Lid) VALUES
(15, 'MicroEconomics', 267, 5);
INSERT INTO Books (Bid, Bname, Price, Lid) VALUES
(16, 'Electronics', 2341, 1);
INSERT INTO Books (Bid, Bname, Price, Lid) VALUES
(17, 'Structure foundations', 1700, 3);
INSERT INTO Books (Bid, Bname, Price, Lid) VALUES
(18, 'Ecohomes', 1234, 3);
INSERT INTO Books (Bid, Bname, Price, Lid) VALUES
(19, 'Mobile Communication', 456, 6);
INSERT INTO Books (Bid, Bname, Price, Lid) VALUES
(20, 'Labor Laws', 3452, 9);
INSERT INTO Books (Bid, Bname, Price, Lid) VALUES
(21, 'Copyrights', 2789, 9);
INSERT INTO Books (Bid, Bname, Price, Lid) VALUES
(22, 'Research Laws', 1100, 9);
INSERT INTO Books (Bid, Bname, Price, Lid) VALUES
(23, 'DBMS', 700, 1);
INSERT INTO Books (Bid, Bname, Price, Lid) VALUES
(24, 'Computer networks', 3451, 1);

INSERT INTO No_of_copies (Bnid, Bid, Blid) VALUES
(1, 1, 1);
INSERT INTO No_of_copies (Bnid, Bid, Blid) VALUES
(2, 1, 2);
INSERT INTO No_of_copies (Bnid, Bid, Blid) VALUES
(3, 1, 3);
INSERT INTO No_of_copies (Bnid, Bid, Blid) VALUES
(4, 3, 1);
INSERT INTO No_of_copies (Bnid, Bid, Blid) VALUES
(5, 3, 2);
INSERT INTO No_of_copies (Bnid, Bid, Blid) VALUES
(6, 3, 3);
INSERT INTO No_of_copies (Bnid, Bid, Blid) VALUES
(7, 2, 1);
INSERT INTO No_of_copies (Bnid, Bid, Blid) VALUES
(8, 2, 2);
INSERT INTO No_of_copies (Bnid, Bid, Blid) VALUES
(9, 4, 1);
INSERT INTO No_of_copies (Bnid, Bid, Blid) VALUES
(10, 4, 2);
INSERT INTO No_of_copies (Bnid, Bid, Blid) VALUES
(11, 4, 3);
INSERT INTO No_of_copies (Bnid, Bid, Blid) VALUES
(12, 5, 1);
INSERT INTO No_of_copies (Bnid, Bid, Blid) VALUES
(13, 5, 2);
INSERT INTO No_of_copies (Bnid, Bid, Blid) VALUES
(14, 6, 1);
INSERT INTO No_of_copies (Bnid, Bid, Blid) VALUES
(15, 7, 1);
INSERT INTO No_of_copies (Bnid, Bid, Blid) VALUES
(16, 8, 1);
INSERT INTO No_of_copies (Bnid, Bid, Blid) VALUES
(17, 8, 2);
INSERT INTO No_of_copies (Bnid, Bid, Blid) VALUES
(18, 9, 1);
INSERT INTO No_of_copies (Bnid, Bid, Blid) VALUES
(19, 10, 1);
INSERT INTO No_of_copies (Bnid, Bid, Blid) VALUES
(20, 11, 1);
INSERT INTO No_of_copies (Bnid, Bid, Blid) VALUES
(21, 12, 1);
INSERT INTO No_of_copies (Bnid, Bid, Blid) VALUES
(22, 12, 2);
INSERT INTO No_of_copies (Bnid, Bid, Blid) VALUES
(23, 13, 1);
INSERT INTO No_of_copies (Bnid, Bid, Blid) VALUES
(24, 13, 2);
INSERT INTO No_of_copies (Bnid, Bid, Blid) VALUES
(25, 14, 1);
INSERT INTO No_of_copies (Bnid, Bid, Blid) VALUES
(26, 14, 2);
INSERT INTO No_of_copies (Bnid, Bid, Blid) VALUES
(27, 14, 4);
INSERT INTO No_of_copies (Bnid, Bid, Blid) VALUES
(28, 15, 1);
INSERT INTO No_of_copies (Bnid, Bid, Blid) VALUES
(29, 15, 2);
INSERT INTO No_of_copies (Bnid, Bid, Blid) VALUES
(30, 16, 1);
INSERT INTO No_of_copies (Bnid, Bid, Blid) VALUES
(31, 16, 2);
INSERT INTO No_of_copies (Bnid, Bid, Blid) VALUES
(32, 17, 1);

INSERT INTO Author (Aid, Aname, Email, Phoneno) VALUES 
(1, 'Shruti', 'abc@gmail.com', '6447896542'); 
INSERT INTO Author (Aid, Aname, Email, Phoneno) VALUES 
(2, 'Shivam Kapoor','adf@gmail.com', '2345778998');
INSERT INTO Author (Aid, Aname, Email, Phoneno) VALUES 
(3, 'Ameya', 'ert@gmail.com', '23456789087');
INSERT INTO Author (Aid, Aname, Email, Phoneno) VALUES 
(4, 'Pooja Pai', 'edr@gmail.com', '32554565678');
INSERT INTO Author (Aid, Aname, Email, Phoneno) VALUES 
(5, 'Brian Kernighan', 'rtyu@gmail.com', '2143454657');
INSERT INTO Author (Aid, Aname, Email, Phoneno) VALUES 
(6, 'Ken Thompson', 'errt@gmail.com', '2343454565');

INSERT INTO Writes (Bid, Aid, Pid) VALUES 
(1, 1, 2);
INSERT INTO Writes (Bid, Aid, Pid) VALUES 
(2, 2, 3);
INSERT INTO Writes (Bid, Aid, Pid) VALUES 
(3, 5, 2);
INSERT INTO Writes (Bid, Aid, Pid) VALUES 
(4, 6, 4);
INSERT INTO Writes (Bid, Aid, Pid) VALUES 
(5, 1, 5);
INSERT INTO Writes (Bid, Aid, Pid) VALUES 
(6, 1, 2);
INSERT INTO Writes (Bid, Aid, Pid) VALUES 
(7, 4, 1);
INSERT INTO Writes (Bid, Aid, Pid) VALUES 
(8, 2, 2);
INSERT INTO Writes (Bid, Aid, Pid) VALUES 
(9, 5, 5);
INSERT INTO Writes (Bid, Aid, Pid) VALUES 
(10, 6, 4);
INSERT INTO Writes (Bid, Aid, Pid) VALUES 
(11, 1, 1);
INSERT INTO Writes (Bid, Aid, Pid) VALUES 
(12, 4, 2);
INSERT INTO Writes (Bid, Aid, Pid) VALUES 
(13, 5, 5);
INSERT INTO Writes (Bid, Aid, Pid) VALUES 
(14, 6, 2);
INSERT INTO Writes (Bid, Aid, Pid) VALUES 
(15, 3, 1);
INSERT INTO Writes (Bid, Aid, Pid) VALUES 
(16, 4, 2);
INSERT INTO Writes (Bid, Aid, Pid) VALUES 
(17, 6, 5);
INSERT INTO Writes (Bid, Aid, Pid) VALUES 
(18, 2, 4);
INSERT INTO Writes (Bid, Aid, Pid) VALUES 
(19, 5, 1);
INSERT INTO Writes (Bid, Aid, Pid) VALUES 
(20, 1, 2);
INSERT INTO Writes (Bid, Aid, Pid) VALUES 
(21, 3, 5);
INSERT INTO Writes (Bid, Aid, Pid) VALUES 
(22, 5, 2);
INSERT INTO Writes (Bid, Aid, Pid) VALUES 
(23, 6, 1);
INSERT INTO Writes (Bid, Aid, Pid) VALUES 
(24, 3, 3);

INSERT INTO Publisher (Pid, Pname) VALUES 
(1, 'Tata Macgraw hill');
INSERT INTO Publisher (Pid, Pname) VALUES  
(2, 'Pragati book store');
INSERT INTO Publisher (Pid, Pname) VALUES  
(3, 'Prentice Hall');
INSERT INTO Publisher (Pid, Pname) VALUES  
(4, 'OReilly');
INSERT INTO Publisher (Pid, Pname) VALUES  
(5, 'Emerald publishing');

INSERT INTO Seller (Sid, Slname, City) VALUES 
(1, 'Kohinoor', 'Pune');
INSERT INTO Seller (Sid, Slname, City) VALUES  
(2, 'Shiksha', 'Pune');
INSERT INTO Seller (Sid, Slname, City) VALUES  
(3, 'ABP', 'Noida');
INSERT INTO Seller (Sid, Slname, City) VALUES  
(4, 'Technical', 'Hyderabad');
INSERT INTO Seller (Sid, Slname, City) VALUES  
(5, 'Timenowta', 'Bangalore');
INSERT INTO Seller (Sid, Slname, City) VALUES  
(6, 'Kirti', 'Pune');

INSERT INTO Department (Deptid, Deptname, Institute_name, Lid) VALUES
(1, 'Civil', 'SIT', 1);
INSERT INTO Department (Deptid, Deptname, Institute_name, Lid) VALUES
(2, 'E&TC', 'SIT', 1);
INSERT INTO Department (Deptid, Deptname, Institute_name, Lid) VALUES
(3, 'Biology', 'SSBS', 10);
INSERT INTO Department (Deptid, Deptname, Institute_name, Lid) VALUES
(4, 'Law', 'SSLA', 4);
INSERT INTO Department (Deptid, Deptname, Institute_name, Lid) VALUES
(5, 'Structure', 'SSAC', 3);
INSERT INTO Department (Deptid, Deptname, Institute_name, Lid) VALUES
(6, 'Finance management', 'SIBM', 2);
INSERT INTO Department (Deptid, Deptname, Institute_name, Lid) VALUES
(7, 'Digital Telecommunications', 'SITMH', 6);
INSERT INTO Department (Deptid, Deptname, Institute_name, Lid) VALUES
(8, 'Clinical Research', 'SSBS', 10);

INSERT INTO Student (Stuid, Sname, Email, Memid, Deptid) VALUES
(1, 'Pooja', 'aswq@gmail.com', 1, 1);
INSERT INTO Student (Stuid, Sname, Email, Memid, Deptid) VALUES
(2, 'Satish', 'azsx@gmail.com', 16, 1);
INSERT INTO Student (Stuid, Sname, Email, Memid, Deptid) VALUES
(3, 'Amar', 'cvnn@gmail.com', 13, 2);
INSERT INTO Student (Stuid, Sname, Email, Memid, Deptid) VALUES
(4, 'Meera', 'lkio@gmail.com', 44, 2);
INSERT INTO Student (Stuid, Sname, Email, Memid, Deptid) VALUES
(5, 'Ravi', 'fghj@gmail.com', 35, 2);
INSERT INTO Student (Stuid, Sname, Email, Memid, Deptid) VALUES
(6, 'Adit', 'cfgb@gmail.com', 26, 3);

INSERT INTO Member (Memid, Lid) VALUES 
(1, 1);
INSERT INTO Member (Memid, Lid) VALUES  
(16, 1);
INSERT INTO Member (Memid, Lid) VALUES  
(13, 1);
INSERT INTO Member (Memid, Lid) VALUES  
(44, 1);
INSERT INTO Member (Memid, Lid) VALUES  
(35, 1);
INSERT INTO Member (Memid, Lid) VALUES  
(26, 10);
INSERT INTO Member (Memid, Lid) VALUES  
(45, 1);
INSERT INTO Member (Memid, Lid) VALUES  
(23, 10);
INSERT INTO Member (Memid, Lid) VALUES  
(12, 3);
INSERT INTO Member (Memid, Lid) VALUES  
(78, 1);
INSERT INTO Member (Memid, Lid) VALUES  
(49, 4);
INSERT INTO Member (Memid, Lid) VALUES  
(50, 1);

INSERT INTO Staff (Stid, Stname, Email, Memid, Deptid) VALUES 
(1, 'Satish', 'sddf@gmail.com', 45, 1);
INSERT INTO Staff (Stid, Stname, Email, Memid, Deptid) VALUES  
(2, 'Rachit', 'zxzxc@gmail.com', 23, 3);
INSERT INTO Staff (Stid, Stname, Email, Memid, Deptid) VALUES  
(3, 'Seema', 'lkklk@gmail.com', 12, 5);
INSERT INTO Staff (Stid, Stname, Email, Memid, Deptid) VALUES  
(4, 'Sayali', 'xzcxc@gmail.com', 78, 2);
INSERT INTO Staff (Stid, Stname, Email, Memid, Deptid) VALUES  
(5, 'Aditya', 'cvvcb@gmail.com', 49, 4);
INSERT INTO Staff (Stid, Stname, Email, Memid, Deptid) VALUES  
(6, 'Archit', 'gfdfg@gmail.com', 50, 1);

INSERT INTO Purchase (Prid, Lid, Sid, Pid, Bid, Quantity, Date, Total_cost) VALUES
(1001, 1, 1, 3, 1, 100, TO_DATE('2015-07-12','YYYY-MM-DD'), 70000);
INSERT INTO Purchase (Prid, Lid, Sid, Pid, Bid, Quantity, Date, Total_cost) VALUES
(1002, 2, 3, 4, 2, 1000, TO_DATE('2015-04-10','YYYY-MM-DD'), 80000);
INSERT INTO Purchase (Prid, Lid, Sid, Pid, Bid, Quantity, Date, Total_cost) VALUES
(1003, 1, 4, 2, 5, 45, TO_DATE('2016-08-01','YYYY-MM-DD'), 4500);
INSERT INTO Purchase (Prid, Lid, Sid, Pid, Bid, Quantity, Date, Total_cost) VALUES
(1004, 4, 1, 5, 6, 34, TO_DATE('2016-02-06','YYYY-MM-DD'), 23000);
INSERT INTO Purchase (Prid, Lid, Sid, Pid, Bid, Quantity, Date, Total_cost) VALUES
(1005, 3, 4, 1, 9, 20, TO_DATE('2017-03-15','YYYY-MM-DD'), 1200);
INSERT INTO Purchase (Prid, Lid, Sid, Pid, Bid, Quantity, Date, Total_cost) VALUES
(1006, 1, 2, 4, 10, 89, TO_DATE('2017-04-20','YYYY-MM-DD'), 4500);
INSERT INTO Purchase (Prid, Lid, Sid, Pid, Bid, Quantity, Date, Total_cost) VALUES
(1007, 2, 5, 2, 12, 67, TO_DATE('2018-07-25','YYYY-MM-DD'), 5600);
INSERT INTO Purchase (Prid, Lid, Sid, Pid, Bid, Quantity, Date, Total_cost) VALUES
(1008, 3, 2, 4, 15, 45, TO_DATE('2018-03-27','YYYY-MM-DD'), 50000);
INSERT INTO Purchase (Prid, Lid, Sid, Pid, Bid, Quantity, Date, Total_cost) VALUES
(1009, 4, 3, 1, 16, 340, TO_DATE('2019-02-12',;'YYYY-MM-DD'), 7800);
INSERT INTO Purchase (Prid, Lid, Sid, Pid, Bid, Quantity, Date, Total_cost) VALUES
(1010, 1, 1, 2, 17, 23, TO_DATE('2020-07-11','YYYY-MM-DD'), 10000);


INSERT INTO Author_specialization (Spec_id, Aid, Spec_name) VALUES 
(101, 1, 'Technical');
INSERT INTO Author_specialization (Spec_id, Aid, Spec_name) VALUES  
(201, 1, 'Fiction');
INSERT INTO Author_specialization (Spec_id, Aid, Spec_name) VALUES  
(301, 2, 'Non_Fiction');
INSERT INTO Author_specialization (Spec_id, Aid, Spec_name) VALUES  
(401, 3, 'Autobiographies');
INSERT INTO Author_specialization (Spec_id, Aid, Spec_name) VALUES  
(501, 2, 'Technical');
INSERT INTO Author_specialization (Spec_id, Aid, Spec_name) VALUES  
(601, 4, 'Real life stories');

INSERT INTO ISSUE (Issueid, Memid, Bid, Bnid, Lid, Issuedate, Returndate) VALUES
(205, 44, 2, 1, 2, TO_DATE('2020-03-12', 'YYYY-MM-DD'), TO_DATE('2020-04-12', 'YYYY-MM-DD'));
INSERT INTO ISSUE (Issueid, Memid, Bid, Bnid, Lid, Issuedate, Returndate) VALUES
(206, 12, 7, 1, 1, TO_DATE('2020-05-10', 'YYYY-MM-DD'), TO_DATE(NULL, 'YYYY-MM-DD'));
INSERT INTO ISSUE (Issueid, Memid, Bid, Bnid, Lid, Issuedate, Returndate) VALUES
(207, 78, 4, 3, 10, TO_DATE('2019-03-05', 'YYYY-MM-DD'), TO_DATE('2019-08-05', 'YYYY-MM-DD'));
INSERT INTO ISSUE (Issueid, Memid, Bid, Bnid, Lid, Issuedate, Returndate) VALUES
(208, 13, 10, 1, 8, TO_DATE('2019-04-09', 'YYYY-MM-DD'), TO_DATE('2019-06-09', 'YYYY-MM-DD'));
INSERT INTO ISSUE (Issueid, Memid, Bid, Bnid, Lid, Issuedate, Returndate) VALUES
(209, 35, 12, 2, 1, TO_DATE('2020-10-07', 'YYYY-MM-DD'), TO_DATE('2020-12-07', 'YYYY-MM-DD'));
INSERT INTO ISSUE (Issueid, Memid, Bid, Bnid, Lid, Issuedate, Returndate) VALUES
(210, 45, 2, 2, 2, TO_DATE('2020-04-06', 'YYYY-MM-DD'), TO_DATE(NULL, 'YYYY-MM-DD'));

INSERT INTO Sells (Sid, bid, Pid) VALUES
(1, 1, 2);
INSERT INTO Sells (Sid, bid, Pid) VALUES
(5, 3, 2);
INSERT INTO Sells (Sid, bid, Pid) VALUES
(3, 2, 3);
INSERT INTO Sells (Sid, bid, Pid) VALUES
(2, 6, 5);
INSERT INTO Sells (Sid, bid, Pid) VALUES
(1, 10, 5);
INSERT INTO Sells (Sid, bid, Pid) VALUES
(4, 14, 1);


INSERT INTO Employee (Eid, Empname, Email, Salary, Lid) VALUES
(111, 'Shilpa', 'sdfdsf@gmail.com', 10000, 1);
INSERT INTO Employee (Eid, Empname, Email, Salary, Lid) VALUES
(222, 'Shivani', 'sadsf@gmail.com', 20000, 1);
INSERT INTO Employee (Eid, Empname, Email, Salary, Lid) VALUES
(333, 'Hemani', 'ertet@gmail.com', 500000, 2);
INSERT INTO Employee (Eid, Empname, Email, Salary, Lid) VALUES
(444, 'Rekha', 'scdsf@gmail.com', 35000, 3);
INSERT INTO Employee (Eid, Empname, Email, Salary, Lid) VALUES
(555, 'Anil', 'asd@gmail.com', 45000, 5);
INSERT INTO Employee (Eid, Empname, Email, Salary, Lid) VALUES
(666, 'Suhas', 'fdgfg@gmail.com', 20000, 2);














